<?xml version="1.0" encoding="ISO-8859-1"?>
<CompileSummary>
	<RDBInfo>
		<name>_INCLUDE.RDB</name>
		<major>7</major>
		<minor>1</minor>
		<revision>396</revision>
		<time>1528428382</time>
	</RDBInfo>
	<RDBInfo>
		<name>_VARIABL.RDB</name>
		<major>7</major>
		<minor>17</minor>
		<revision>0</revision>
		<time>1528428370</time>
	</RDBInfo>
	<RDBInfo>
		<name>_PARAM.RDB</name>
		<major>7</major>
		<minor>33</minor>
		<revision>0</revision>
		<time>1528428370</time>
	</RDBInfo>
	<RDBInfo>
		<name>_KEYS.RDB</name>
		<major>7</major>
		<minor>33</minor>
		<revision>0</revision>
		<time>1528428370</time>
	</RDBInfo>
	<RDBInfo>
		<name>_KEYBOAR.RDB</name>
		<major>7</major>
		<minor>33</minor>
		<revision>0</revision>
		<time>1528428370</time>
	</RDBInfo>
	<RDBInfo>
		<name>_FONTS.RDB</name>
		<major>7</major>
		<minor>33</minor>
		<revision>0</revision>
		<time>1528428370</time>
	</RDBInfo>
	<RDBInfo>
		<name>_ROLES.RDB</name>
		<major>7</major>
		<minor>286</minor>
		<revision>0</revision>
		<time>1528428382</time>
	</RDBInfo>
	<RDBInfo>
		<name>_USERS.RDB</name>
		<major>7</major>
		<minor>286</minor>
		<revision>0</revision>
		<time>1528428382</time>
	</RDBInfo>
	<RDBInfo>
		<name>_SCANNER.RDB</name>
		<major>7</major>
		<minor>33</minor>
		<revision>0</revision>
		<time>1528428370</time>
	</RDBInfo>
	<RDBInfo>
		<name>_UNITS.RDB</name>
		<major>7</major>
		<minor>33</minor>
		<revision>0</revision>
		<time>1528428370</time>
	</RDBInfo>
	<RDBInfo>
		<name>_PORTS.RDB</name>
		<major>7</major>
		<minor>33</minor>
		<revision>0</revision>
		<time>1528428370</time>
	</RDBInfo>
	<RDBInfo>
		<name>_BOARDS.RDB</name>
		<major>7</major>
		<minor>33</minor>
		<revision>0</revision>
		<time>1528428370</time>
	</RDBInfo>
	<RDBInfo>
		<name>_REPORTS.RDB</name>
		<major>7</major>
		<minor>33</minor>
		<revision>0</revision>
		<time>1528428370</time>
	</RDBInfo>
	<RDBInfo>
		<name>_DEVICES.RDB</name>
		<major>7</major>
		<minor>33</minor>
		<revision>0</revision>
		<time>1528428370</time>
	</RDBInfo>
	<RDBInfo>
		<name>_TREND.RDB</name>
		<major>7</major>
		<minor>33</minor>
		<revision>0</revision>
		<time>1528428370</time>
	</RDBInfo>
	<RDBInfo>
		<name>_CATEGOR.RDB</name>
		<major>7</major>
		<minor>33</minor>
		<revision>0</revision>
		<time>1528428370</time>
	</RDBInfo>
	<RDBInfo>
		<name>_HARDALM.RDB</name>
		<major>7</major>
		<minor>33</minor>
		<revision>0</revision>
		<time>1528428370</time>
	</RDBInfo>
	<RDBInfo>
		<name>_DIGALM.RDB</name>
		<major>7</major>
		<minor>33</minor>
		<revision>0</revision>
		<time>1528428370</time>
	</RDBInfo>
	<RDBInfo>
		<name>_ANAALM.RDB</name>
		<major>7</major>
		<minor>33</minor>
		<revision>0</revision>
		<time>1528428370</time>
	</RDBInfo>
	<RDBInfo>
		<name>_ADVALM.RDB</name>
		<major>7</major>
		<minor>33</minor>
		<revision>0</revision>
		<time>1528428370</time>
	</RDBInfo>
	<RDBInfo>
		<name>_ARGANA.RDB</name>
		<major>7</major>
		<minor>33</minor>
		<revision>0</revision>
		<time>1528428370</time>
	</RDBInfo>
	<RDBInfo>
		<name>_ARGDIG.RDB</name>
		<major>7</major>
		<minor>33</minor>
		<revision>0</revision>
		<time>1528428370</time>
	</RDBInfo>
	<RDBInfo>
		<name>_HRESALM.RDB</name>
		<major>7</major>
		<minor>33</minor>
		<revision>0</revision>
		<time>1528428370</time>
	</RDBInfo>
	<RDBInfo>
		<name>_TSDIG.RDB</name>
		<major>7</major>
		<minor>33</minor>
		<revision>0</revision>
		<time>1528428370</time>
	</RDBInfo>
	<RDBInfo>
		<name>_TSANA.RDB</name>
		<major>7</major>
		<minor>33</minor>
		<revision>0</revision>
		<time>1528428370</time>
	</RDBInfo>
	<RDBInfo>
		<name>_EVENTS.RDB</name>
		<major>7</major>
		<minor>33</minor>
		<revision>0</revision>
		<time>1528428370</time>
	</RDBInfo>
	<RDBInfo>
		<name>_ACCUMS.RDB</name>
		<major>7</major>
		<minor>33</minor>
		<revision>0</revision>
		<time>1528428370</time>
	</RDBInfo>
	<RDBInfo>
		<name>_PROTDIR.RDB</name>
		<major>7</major>
		<minor>33</minor>
		<revision>0</revision>
		<time>1528428370</time>
	</RDBInfo>
	<RDBInfo>
		<name>_MODEMS.RDB</name>
		<major>7</major>
		<minor>33</minor>
		<revision>0</revision>
		<time>1528428370</time>
	</RDBInfo>
	<RDBInfo>
		<name>_CLUSTER.RDB</name>
		<major>7</major>
		<minor>33</minor>
		<revision>0</revision>
		<time>1528428370</time>
	</RDBInfo>
	<RDBInfo>
		<name>_ALMSRV.RDB</name>
		<major>7</major>
		<minor>33</minor>
		<revision>0</revision>
		<time>1528428370</time>
	</RDBInfo>
	<RDBInfo>
		<name>_REPSRV.RDB</name>
		<major>7</major>
		<minor>33</minor>
		<revision>0</revision>
		<time>1528428370</time>
	</RDBInfo>
	<RDBInfo>
		<name>_TRNSRV.RDB</name>
		<major>7</major>
		<minor>33</minor>
		<revision>0</revision>
		<time>1528428370</time>
	</RDBInfo>
	<RDBInfo>
		<name>_NETADDR.RDB</name>
		<major>7</major>
		<minor>33</minor>
		<revision>0</revision>
		<time>1528428370</time>
	</RDBInfo>
	<RDBInfo>
		<name>_LOCVAR.RDB</name>
		<major>7</major>
		<minor>33</minor>
		<revision>0</revision>
		<time>1528428370</time>
	</RDBInfo>
	<RDBInfo>
		<name>_PAGES.RDB</name>
		<major>7</major>
		<minor>152</minor>
		<revision>0</revision>
		<time>1528428382</time>
	</RDBInfo>
	<RDBInfo>
		<name>_EQUIP.RDB</name>
		<major>7</major>
		<minor>33</minor>
		<revision>0</revision>
		<time>1528428371</time>
	</RDBInfo>
	<RDBInfo>
		<name>_PAGEMEN.RDB</name>
		<major>7</major>
		<minor>1</minor>
		<revision>32</revision>
		<time>1528428371</time>
	</RDBInfo>
	<RDBInfo>
		<name>PageMenu.RDB</name>
		<major>7</major>
		<minor>270</minor>
		<revision>0</revision>
		<time>1528428382</time>
	</RDBInfo>
	<RDBInfo>
		<name>!Startup.RDB</name>
		<major>7</major>
		<minor>156</minor>
		<revision>0</revision>
		<time>1528428371</time>
	</RDBInfo>
	<RDBInfo>
		<name>!sg1_xpitune.RDB</name>
		<major>7</major>
		<minor>156</minor>
		<revision>0</revision>
		<time>1528428371</time>
	</RDBInfo>
	<RDBInfo>
		<name>Tab_Style_Startup.RDB</name>
		<major>7</major>
		<minor>270</minor>
		<revision>0</revision>
		<time>1528428382</time>
	</RDBInfo>
	<RDBInfo>
		<name>BoxeS.RDB</name>
		<major>7</major>
		<minor>269</minor>
		<revision>0</revision>
		<time>1528428382</time>
	</RDBInfo>
	<RDBInfo>
		<name>_VBCODE.RDB</name>
		<major>7</major>
		<minor>1</minor>
		<revision>681</revision>
		<time>1528428382</time>
	</RDBInfo>
	<RDBInfo>
		<name>_GROUPS.RDB</name>
		<major>7</major>
		<minor>1</minor>
		<revision>285</revision>
		<time>1528428382</time>
	</RDBInfo>
	<RDBInfo>
		<name>_PROJECT.RDB</name>
		<major>7</major>
		<minor>1</minor>
		<revision>285</revision>
		<time>1528428383</time>
	</RDBInfo>
</CompileSummary>
